0,1,2,3,4,5,6,7,8,9,10,11,12,13,14,15,16,17,18,19,20,21,22,23,24,25,26,27,28,29,30,31,32
362,368,372,377,355,350,345,381,336,369,352,410,298,424,274,443,259,449,252,447,260,440,265,386,316,402,320,404,329,406,329,400,337
361,368,372,376,354,350,345,381,336,369,352,410,298,426,274,444,261,449,256,447,263,440,268,384,315,390,310,388,324,389,324,383,331
361,367,372,376,354,349,345,381,336,369,352,409,298,427,274,444,262,449,258,447,264,440,269,384,314,386,304,382,317,381,318,379,323
361,367,372,376,354,349,345,381,336,369,351,409,298,427,275,444,264,449,261,447,266,440,272,384,314,387,306,384,319,385,319,380,325
361,367,372,376,354,349,345,381,336,369,351,409,298,428,275,444,264,449,261,447,266,440,273,384,314,385,304,383,317,384,318,378,324
361,367,372,376,354,349,345,381,336,368,351,409,298,428,275,444,264,449,261,446,266,440,273,384,314,386,301,384,318,385,318,379,324
361,367,372,376,354,349,345,381,337,368,351,409,298,428,275,444,264,449,261,446,266,440,273,384,314,385,302,384,318,384,319,379,329
361,367,372,376,354,349,345,381,337,368,351,409,298,428,275,444,264,449,261,446,266,440,273,384,314,386,303,385,318,385,319,380,329
361,367,372,376,354,349,345,381,337,368,351,409,298,428,275,444,264,449,261,446,266,440,273,384,314,384,302,384,318,384,319,380,327
361,367,371,376,354,349,345,381,337,368,351,409,298,428,276,444,264,450,260,447,266,440,273,384,314,384,302,384,317,384,318,379,327
361,367,372,376,354,350,345,381,337,368,351,409,298,428,276,444,264,450,260,448,266,441,273,383,314,384,301,384,317,384,319,380,327
361,367,372,376,354,350,346,381,337,368,352,409,298,428,276,444,264,450,260,447,266,440,273,383,314,383,301,384,317,383,319,380,326
361,367,372,376,354,350,346,381,337,368,352,409,299,428,276,444,265,450,261,447,266,440,273,383,314,383,301,383,318,383,319,379,327
361,367,372,376,354,350,346,381,337,369,352,409,299,428,276,444,265,448,261,446,266,439,273,383,314,383,301,382,318,382,319,379,327
361,367,372,376,354,350,346,381,337,369,352,409,299,428,276,444,264,447,261,446,266,438,273,383,314,383,301,382,318,382,319,379,328
361,368,372,376,354,350,346,381,337,369,352,409,299,428,276,444,264,446,261,445,266,437,273,383,314,383,301,382,318,382,319,379,327
361,368,372,376,354,350,346,381,338,369,352,409,299,428,276,444,264,446,260,445,266,437,272,383,314,383,301,383,318,382,319,379,327
361,368,372,376,355,350,346,381,338,369,352,409,299,428,276,444,264,446,259,445,266,437,272,383,314,383,301,383,318,382,319,379,327
361,368,372,376,355,350,346,381,338,369,352,409,299,428,276,444,264,446,259,445,266,437,272,383,314,383,302,383,316,382,318,379,324
361,368,372,376,355,350,346,381,338,369,352,409,299,428,276,444,264,446,260,445,266,437,273,383,314,387,301,383,313,382,314,379,317
361,368,372,376,355,350,346,381,338,369,352,409,298,427,276,443,267,446,263,445,268,437,275,383,314,390,304,386,313,385,314,385,318
361,368,372,376,355,350,346,381,338,369,352,409,299,426,276,442,267,442,264,441,268,432,275,383,314,390,302,383,311,379,313,384,311
361,368,372,376,355,350,346,381,338,369,352,409,299,426,276,442,267,442,264,441,268,432,275,383,314,390,302,383,312,380,313,383,313
361,368,372,376,355,351,347,382,338,369,352,409,299,426,276,442,269,443,265,442,269,433,276,383,314,391,301,383,312,380,314,383,313
362,368,372,376,355,351,347,382,338,369,353,409,299,426,276,443,268,443,265,443,269,434,276,383,314,391,301,383,312,380,314,383,314
362,368,372,377,356,351,347,382,338,369,353,410,298,426,276,443,268,444,265,443,269,434,276,383,314,391,302,383,312,380,313,383,314
362,368,372,377,356,351,347,382,338,369,353,409,298,426,276,443,268,444,265,443,269,435,276,384,314,392,302,387,312,385,313,388,314
362,368,372,377,356,351,347,382,338,369,353,409,298,426,276,442,269,444,265,443,269,435,276,384,314,393,301,387,311,385,313,387,314
362,369,372,377,356,351,347,382,338,369,353,410,298,426,276,443,269,444,265,444,269,435,276,384,314,393,301,387,312,386,313,387,315
362,369,373,377,356,351,347,382,338,369,353,410,298,426,276,443,269,445,265,444,269,436,276,384,314,393,301,387,312,386,313,387,315
362,369,373,377,356,351,347,382,338,369,353,410,298,426,276,443,269,445,265,444,269,436,276,384,314,393,301,387,312,385,313,387,315
362,369,373,377,356,351,347,382,338,369,353,410,298,425,277,442,269,442,265,441,269,433,276,384,314,391,301,385,312,384,313,384,315
362,369,373,377,356,351,347,382,338,369,353,410,298,425,277,442,269,443,265,442,269,433,277,384,314,391,301,385,312,384,313,384,314
362,369,373,377,356,351,347,382,338,370,353,410,298,425,277,442,269,443,265,442,269,434,277,384,313,390,300,384,311,382,312,382,312
362,369,373,377,356,351,347,382,338,370,353,410,298,425,277,441,269,443,265,440,269,434,277,384,313,391,300,384,312,382,314,382,314
362,369,373,377,356,351,347,382,338,370,353,410,298,425,277,442,268,444,265,442,269,435,276,384,313,391,300,385,312,384,314,383,314
362,369,373,377,356,351,347,382,338,370,353,410,298,426,277,443,268,444,264,443,269,435,276,384,313,389,300,385,313,384,314,381,320
362,369,373,377,356,351,347,382,338,370,353,410,299,426,277,443,267,445,264,443,268,436,276,383,313,387,299,384,315,384,316,379,328
362,369,373,377,356,351,347,382,338,370,353,410,299,428,277,444,267,447,263,443,268,436,276,383,313,388,299,384,316,384,317,379,329
363,369,373,377,356,351,347,382,338,370,353,410,299,428,277,444,267,449,263,445,268,438,276,383,313,387,299,384,315,384,316,379,329
363,369,373,377,356,351,347,382,338,370,353,409,299,428,277,445,267,450,263,447,269,440,276,383,313,387,299,383,315,383,316,378,329
363,369,373,377,356,351,347,382,338,370,354,409,299,428,277,446,266,451,263,450,269,442,276,383,312,387,298,383,312,383,313,378,326
363,369,373,378,356,352,347,382,338,370,354,409,299,428,277,447,266,453,263,452,269,444,275,383,312,387,298,382,312,382,312,377,326
363,369,373,378,356,352,347,382,338,370,354,409,299,428,277,447,266,452,263,452,269,444,275,383,312,387,297,381,311,381,311,376,325
363,369,373,378,356,352,347,382,338,370,354,409,299,428,277,447,266,452,263,451,269,443,275,383,312,387,298,380,311,381,311,376,324
363,369,373,378,356,352,347,382,338,370,354,409,299,428,277,447,265,452,263,451,269,443,275,382,311,387,298,380,311,380,311,375,324
363,369,373,378,356,352,347,382,338,370,354,409,299,428,277,447,265,452,262,451,268,443,275,382,311,387,298,380,310,380,310,375,322
363,369,373,378,356,352,347,382,338,370,354,409,299,428,277,447,265,452,262,451,268,443,275,382,311,387,298,379,310,379,310,374,322
363,369,373,378,356,351,347,382,338,370,354,409,299,428,277,447,265,452,262,451,268,443,275,382,311,387,298,379,310,379,310,374,323
363,369,373,378,356,351,347,382,338,370,354,409,299,428,277,447,265,452,262,451,268,443,275,382,311,387,298,379,309,379,309,374,322
363,369,373,378,356,351,347,382,338,370,354,409,299,428,277,446,265,452,262,450,268,443,275,382,311,387,297,377,309,378,309,371,322
363,369,373,378,356,351,347,382,338,370,354,409,299,428,277,446,265,452,263,449,268,443,275,382,311,387,297,377,308,378,308,371,321
363,369,373,378,356,351,347,382,338,370,353,409,299,428,277,446,265,452,263,450,268,443,275,382,311,387,297,377,308,378,308,371,321
363,369,373,378,356,351,347,382,338,370,353,409,299,428,277,446,265,452,263,450,268,443,275,382,311,387,297,377,307,378,306,371,318
363,369,373,378,356,351,347,382,338,370,353,409,299,427,277,446,265,452,263,450,268,443,275,382,311,387,297,376,307,377,307,370,319
363,369,373,378,356,351,347,382,338,370,353,409,299,427,277,446,265,452,263,450,268,443,275,382,311,387,297,376,308,377,307,370,320
363,369,373,378,356,351,347,383,338,370,353,409,299,427,277,446,265,451,262,450,268,443,275,382,311,387,297,376,308,377,308,370,320
363,369,373,378,356,351,347,383,338,370,353,409,299,427,277,446,265,451,262,450,268,443,275,382,311,387,298,377,308,377,308,371,320
363,369,373,378,356,351,347,383,338,370,353,409,299,427,277,446,266,451,262,449,269,442,275,382,311,387,298,377,310,378,309,371,322
363,369,373,378,356,351,347,383,338,370,353,409,299,427,277,446,266,451,262,449,269,442,275,382,311,387,299,378,310,379,309,372,322
363,369,373,378,356,351,347,383,338,370,353,409,299,428,276,446,266,451,262,449,269,442,275,382,310,387,299,378,310,378,309,372,322
363,369,373,378,356,351,347,383,338,370,353,409,299,427,276,446,265,451,262,449,268,442,274,382,310,387,299,378,310,379,309,371,321
363,369,373,378,356,351,347,383,338,370,353,409,299,427,276,446,265,451,262,448,268,442,274,382,310,387,299,378,310,379,310,371,321
363,369,373,378,356,351,347,383,338,370,353,409,299,427,276,446,265,451,262,448,268,442,274,382,310,386,299,376,309,377,309,369,319
363,369,373,378,356,351,347,383,338,370,353,409,299,428,276,446,265,451,262,448,268,442,274,382,310,386,299,376,310,377,310,369,321
363,369,373,378,356,351,347,383,338,370,353,409,299,428,276,446,265,451,262,448,268,442,274,382,310,386,299,376,311,377,310,370,322
363,369,373,378,356,351,347,383,338,370,353,409,299,428,276,446,265,451,262,449,268,442,274,382,310,386,299,376,311,377,310,370,321
363,369,373,378,356,351,347,383,338,370,354,409,299,428,276,446,265,451,262,448,268,441,275,382,310,386,299,376,311,377,310,369,321
363,369,373,378,356,351,347,383,338,370,354,409,299,428,276,446,265,451,262,447,268,441,275,382,310,386,299,376,310,377,310,369,320
363,369,373,378,356,351,347,383,338,370,354,409,299,428,276,446,265,451,262,447,268,441,275,382,310,386,299,376,310,377,310,370,320
363,369,373,378,356,351,347,383,338,370,354,409,299,427,276,445,265,450,262,447,268,441,275,382,310,386,300,377,314,378,313,371,325
363,369,373,378,356,351,347,383,338,370,354,409,299,428,276,446,265,450,262,448,268,441,275,382,310,387,300,379,313,380,313,373,322
363,369,373,378,356,351,347,383,338,370,354,409,299,428,276,446,265,450,262,448,268,441,275,382,310,387,300,380,313,381,313,374,322
363,369,373,378,356,351,347,383,338,370,354,409,299,428,276,446,265,451,262,448,268,441,275,382,310,387,300,380,313,380,313,374,319
363,369,373,378,356,351,347,383,338,370,354,409,299,428,276,446,265,451,262,448,268,441,275,382,310,388,299,381,313,382,313,377,318
363,369,373,378,356,352,348,383,338,370,354,409,299,428,276,446,265,451,262,448,268,441,275,382,310,388,299,381,313,381,314,377,317
363,369,373,378,356,352,348,383,338,370,354,409,299,428,275,446,266,451,262,448,268,441,275,382,310,388,299,381,314,381,314,377,319
363,369,373,378,356,352,348,383,338,370,354,409,299,428,276,446,266,451,262,449,268,441,275,382,310,389,299,381,313,381,314,379,318
363,369,373,378,356,352,348,383,339,370,354,409,299,428,276,446,266,451,262,449,268,441,275,382,310,389,298,381,313,381,314,377,319
363,369,373,378,356,352,348,383,339,370,354,409,299,428,276,446,266,451,262,448,268,441,275,381,310,388,298,380,310,379,311,377,316
363,370,373,378,357,352,348,383,339,370,354,409,299,428,275,446,266,451,262,448,268,441,275,381,310,388,299,380,312,379,313,377,320
363,370,374,378,357,352,348,383,339,370,354,409,299,428,275,446,266,451,262,448,268,441,275,381,310,387,299,379,312,378,313,376,320
363,370,374,378,357,352,348,383,339,370,354,409,299,428,275,446,266,451,262,448,268,441,275,381,310,387,298,379,312,378,313,375,321
363,370,374,378,357,352,348,383,339,370,354,409,299,428,275,446,266,450,262,448,268,441,275,381,310,387,298,379,310,378,310,375,318
364,370,374,378,357,352,348,383,339,370,354,409,299,428,275,446,266,450,262,448,268,441,275,381,310,387,298,379,308,378,309,374,318
364,370,374,378,357,352,348,383,339,370,354,409,299,428,275,446,266,450,262,447,268,441,275,381,310,387,296,378,309,378,309,371,318
364,370,374,378,357,352,348,383,339,370,354,409,299,428,275,445,266,450,262,447,268,440,275,381,310,387,296,378,306,378,306,371,315
364,370,374,378,357,352,348,383,339,370,354,409,299,428,275,445,266,450,261,446,268,440,275,381,309,386,296,378,305,378,306,371,315
364,370,374,378,357,352,348,383,339,370,354,409,299,428,275,445,266,449,261,446,268,440,274,381,309,386,295,377,306,378,306,371,316
364,370,374,378,357,352,348,383,339,370,354,409,299,428,275,445,266,449,261,446,268,440,275,381,309,386,296,378,306,378,306,371,317
364,370,374,378,357,352,348,383,339,370,354,409,299,428,274,445,266,449,261,446,268,439,275,381,309,385,295,376,306,377,306,368,317
364,370,374,378,357,352,348,383,339,370,354,409,299,428,274,445,266,449,261,446,269,439,275,381,309,385,296,376,309,377,308,369,320
364,370,374,378,357,352,348,383,339,370,354,409,299,428,274,445,266,449,262,446,269,439,275,381,309,385,296,375,309,376,309,369,322
364,370,374,378,357,352,348,383,339,370,354,409,299,428,274,445,266,449,262,446,269,439,275,381,309,385,297,375,310,376,309,369,322
364,370,374,378,357,352,348,383,339,370,355,409,299,427,274,445,266,449,262,446,269,439,275,381,309,385,296,375,310,376,309,369,322
364,370,374,378,357,352,348,383,339,370,355,409,299,427,274,445,266,449,262,446,268,440,275,381,309,385,296,375,310,375,309,368,322
364,370,374,378,357,353,348,383,339,371,355,409,299,427,274,445,266,449,262,446,268,440,275,381,309,385,296,375,309,375,309,370,320
364,370,374,378,357,353,348,383,339,371,355,409,299,428,274,445,266,449,262,446,268,440,275,381,309,386,296,376,309,376,309,371,320
364,370,374,378,357,353,348,383,339,371,355,409,299,428,274,445,266,449,262,446,268,440,275,381,309,386,296,376,310,376,310,372,320
364,370,374,378,357,353,349,383,339,371,355,409,299,428,274,445,266,449,262,446,268,440,275,381,309,387,296,377,310,377,310,373,320
364,370,374,378,357,353,349,383,339,371,355,409,299,428,274,444,266,449,262,446,268,439,275,381,309,387,296,377,310,377,310,373,320
364,370,374,378,357,353,349,383,339,371,355,409,299,428,274,444,266,449,262,446,268,439,275,381,309,387,297,377,313,377,313,373,322
364,370,374,378,357,353,349,383,339,371,355,409,299,428,274,444,266,449,262,446,268,439,275,381,309,387,297,377,311,377,312,373,321
364,370,374,378,357,353,349,383,339,371,355,409,299,428,274,444,266,449,262,446,268,440,275,381,309,386,297,376,310,376,310,371,321
364,370,374,378,357,353,349,383,339,371,355,409,299,428,274,444,266,449,262,446,269,440,275,381,309,386,296,376,308,376,308,371,318
364,370,374,378,357,353,349,383,339,371,355,409,299,428,274,444,266,449,262,446,268,439,275,381,309,386,296,376,308,376,308,371,318
364,370,374,378,357,353,348,383,339,371,355,409,299,428,274,444,266,449,261,446,268,439,275,381,309,385,296,375,308,375,308,369,319
364,370,374,378,357,353,348,383,339,371,355,408,299,428,274,444,265,449,260,446,267,439,274,381,309,385,296,375,308,375,308,369,319
364,370,374,378,357,352,348,383,339,371,355,408,299,428,274,444,265,449,260,446,267,439,273,381,309,385,297,375,308,375,308,369,319
364,370,374,378,357,352,348,383,339,371,354,408,299,428,274,444,264,449,259,446,266,439,273,381,309,387,297,377,308,377,308,371,319
364,370,374,378,357,352,348,383,339,371,354,408,299,428,274,444,264,449,259,446,265,439,272,382,309,387,296,377,309,378,310,371,319
364,370,374,378,357,352,348,383,339,371,354,408,299,428,274,444,263,449,259,446,265,439,272,382,309,387,296,378,310,378,310,372,322
364,370,374,378,357,352,348,383,339,371,354,408,299,427,274,444,263,449,258,446,264,439,272,382,309,387,297,378,310,378,310,372,322
364,370,374,378,357,352,348,383,339,371,354,408,298,427,274,444,263,449,258,446,264,439,272,382,309,387,296,378,309,378,309,372,319
364,370,374,378,357,352,348,383,339,370,354,409,298,427,274,444,262,449,258,446,264,439,272,382,309,387,297,378,311,378,311,372,322
364,370,374,378,357,352,348,383,339,370,354,409,298,427,274,444,262,449,258,446,264,439,272,382,309,386,297,378,311,379,311,372,322
364,370,374,378,357,352,348,383,339,371,354,409,298,427,274,444,263,449,258,446,264,439,272,382,309,386,297,378,311,379,311,373,321
364,370,374,378,357,352,348,383,339,371,354,409,298,427,274,444,262,449,257,447,263,440,271,382,309,386,297,378,311,378,311,372,321
364,370,374,378,357,352,348,383,339,370,354,409,298,427,274,444,262,449,257,447,263,440,271,382,309,387,297,378,312,379,312,372,323
364,370,374,378,357,352,348,383,339,370,354,409,298,427,274,444,262,449,257,447,263,440,271,382,309,387,297,378,312,379,312,373,323
363,370,374,378,357,352,348,383,339,370,354,409,298,427,274,444,262,449,257,447,263,440,271,382,309,387,298,379,312,379,312,373,323
363,370,374,378,357,352,348,383,339,370,354,409,298,427,274,444,262,449,257,448,263,440,271,382,309,388,298,379,312,379,312,373,323
363,370,374,378,356,352,348,383,339,370,354,409,298,427,274,444,262,449,257,447,263,440,270,382,309,387,298,379,312,379,312,373,323
363,370,374,378,356,352,348,383,339,370,354,409,298,427,274,444,262,449,257,447,263,440,271,382,309,386,298,377,312,378,312,371,322
363,369,374,378,356,352,348,383,339,370,354,409,298,427,274,444,262,449,258,447,264,440,271,382,309,386,298,377,312,378,312,370,324
363,369,374,378,356,352,348,383,339,370,354,409,298,427,274,444,262,449,258,447,264,439,271,382,309,386,297,377,311,377,311,370,321
363,369,374,378,356,352,348,383,339,370,354,409,298,427,274,444,263,449,258,447,264,439,272,382,309,387,297,377,311,378,312,372,321
363,369,374,378,356,352,348,383,339,370,354,409,298,427,274,444,263,449,258,447,264,439,272,382,309,388,298,377,311,378,312,372,321
363,369,374,378,356,352,348,383,339,370,354,409,298,427,274,444,263,449,259,446,265,439,272,382,309,387,297,377,311,377,312,371,321
363,369,374,378,356,352,348,383,339,370,354,409,298,427,274,444,263,449,259,446,265,439,272,382,309,387,298,378,311,378,311,373,320
363,369,374,378,356,352,348,383,338,370,354,409,298,427,274,444,263,449,259,446,265,439,272,382,310,388,300,379,311,379,312,376,322
363,369,374,378,356,352,348,383,338,370,354,409,298,427,274,445,263,449,259,446,265,439,272,382,310,388,300,379,312,378,312,375,322
363,369,374,378,356,352,348,383,338,370,354,409,298,427,273,445,263,449,259,446,265,439,272,383,310,388,300,380,312,379,312,376,321
363,370,374,378,356,352,348,383,338,370,354,409,298,428,273,445,263,450,259,446,265,440,272,383,311,390,300,381,313,380,313,379,322
363,370,374,378,356,352,348,383,338,370,354,409,298,428,273,445,264,450,260,446,265,439,273,383,311,390,300,381,313,380,314,379,322
363,370,374,378,356,352,348,383,339,370,354,409,299,428,273,445,264,450,260,446,265,440,273,383,311,389,300,380,313,379,314,378,321
363,370,374,378,356,352,348,383,339,370,354,409,299,428,273,445,264,450,260,446,265,440,273,383,311,389,300,380,314,379,315,378,322
363,370,374,378,356,352,348,383,339,370,354,409,299,428,273,445,264,450,261,446,266,440,273,383,311,389,300,380,314,379,315,377,321
363,370,374,378,356,352,348,383,339,370,354,409,299,428,273,446,264,450,261,446,266,441,273,383,311,389,300,380,314,379,315,376,321
363,370,374,378,356,352,348,383,339,371,354,409,299,428,273,446,264,450,261,447,266,441,273,383,311,388,299,379,314,378,315,375,321
363,370,374,378,356,352,348,383,339,371,354,409,299,428,273,446,264,450,261,447,266,441,273,383,311,388,299,379,314,379,315,375,321
363,370,374,378,357,352,348,383,339,371,354,409,299,428,273,446,264,450,261,447,266,441,273,383,311,387,298,378,314,378,316,373,322
364,370,374,378,357,352,348,384,339,371,354,409,299,428,273,446,264,450,261,447,266,441,273,383,311,387,298,378,314,378,316,373,322
363,370,374,378,357,352,348,384,339,371,354,409,299,428,273,446,264,449,261,446,266,440,273,383,311,387,298,378,312,378,314,373,318
364,370,374,378,357,352,348,384,339,371,354,409,299,428,273,446,264,449,261,446,266,439,273,382,311,386,297,377,312,377,314,372,319
364,370,374,378,357,352,348,384,339,371,354,409,299,428,273,446,264,449,261,446,266,439,273,382,310,385,296,376,312,376,313,371,319
364,370,374,378,357,352,348,384,339,371,354,409,299,428,273,446,264,448,261,446,266,438,273,382,310,385,296,376,312,376,313,371,319
364,370,374,378,357,352,348,384,339,371,354,409,299,428,273,446,264,448,261,446,266,438,273,382,310,385,296,376,311,376,312,370,319
364,370,374,378,357,352,348,384,339,371,354,409,299,428,273,446,264,449,261,446,266,439,273,382,310,385,296,376,310,376,310,370,319
364,370,374,378,357,352,348,384,339,371,354,409,299,428,273,446,264,449,261,446,266,439,273,382,310,385,296,376,311,376,311,370,320
364,370,374,378,357,352,348,384,339,371,354,409,299,428,273,446,264,449,261,446,266,440,273,382,310,385,296,375,311,376,311,370,321
364,370,374,378,357,352,348,384,339,371,354,409,299,428,273,446,264,450,261,446,266,440,273,382,310,385,296,375,311,376,311,369,321
364,370,374,378,357,352,348,384,339,371,354,409,299,428,273,446,264,450,261,446,266,440,273,382,310,385,296,375,311,376,311,369,320
364,370,374,378,357,352,348,384,339,371,354,409,299,428,273,446,264,449,261,446,267,439,273,382,310,385,296,375,311,375,311,369,321
364,370,374,378,357,352,348,384,339,371,354,409,299,428,273,446,264,449,261,446,267,439,273,382,310,385,296,375,311,375,311,368,322
364,370,374,378,357,352,348,384,339,371,354,409,299,428,273,446,264,448,261,446,267,439,273,382,310,385,296,375,311,375,312,368,323
364,370,374,378,357,352,348,384,339,371,354,409,299,428,273,446,264,448,261,446,267,438,273,382,310,385,295,375,311,375,311,368,321
364,370,374,379,357,352,348,384,339,371,354,409,299,428,273,446,264,448,261,446,267,438,273,382,310,385,295,375,309,375,311,369,318
364,370,374,379,357,352,348,384,339,371,355,409,299,428,273,446,264,449,261,446,267,440,273,382,310,385,295,375,310,375,311,369,320
364,370,374,379,357,352,348,384,339,371,355,409,299,428,273,446,264,449,261,446,267,440,273,382,310,385,296,375,311,376,311,369,321
364,370,374,379,357,352,348,384,339,371,355,409,299,428,273,446,265,449,261,446,267,440,274,382,310,385,296,375,310,375,310,369,320
364,370,374,379,357,352,348,384,339,371,355,409,299,428,273,446,264,450,261,448,267,440,273,382,310,385,296,375,309,375,309,369,318
364,370,374,379,357,352,348,384,339,371,355,409,299,428,273,445,265,450,261,447,267,440,274,382,310,385,296,375,309,375,309,370,318
364,371,375,379,357,352,348,384,339,371,355,409,299,428,273,445,265,450,261,448,267,441,274,382,310,385,295,374,308,375,308,369,317
364,371,375,379,357,352,348,384,339,371,355,409,299,428,273,445,265,450,261,448,267,441,274,382,310,385,295,374,307,375,308,370,315
364,371,375,379,357,353,348,384,339,371,355,409,299,428,274,445,265,451,261,448,267,441,274,381,310,385,295,374,308,374,308,370,318
364,371,375,379,357,353,348,384,339,371,355,409,299,428,274,445,265,451,261,448,267,441,274,381,310,385,295,374,308,374,308,370,318
364,371,375,379,357,353,348,384,339,371,355,409,299,428,273,446,264,451,261,448,267,442,273,381,309,385,295,373,307,373,308,368,318
364,371,375,379,357,353,348,384,339,371,355,409,300,428,273,446,264,451,261,449,267,442,273,381,310,385,295,373,308,373,308,368,318
364,371,375,379,357,353,348,384,339,371,355,409,300,428,273,446,264,451,261,448,267,442,273,381,310,385,296,373,308,373,308,368,317
364,371,375,379,357,353,348,384,339,371,355,409,299,428,273,446,264,451,261,448,267,442,273,381,309,385,296,373,308,373,308,368,320
364,371,375,379,357,353,348,384,339,371,355,409,299,428,274,446,264,451,261,448,267,442,273,381,309,385,296,373,308,373,309,369,320
364,371,375,379,357,353,348,384,339,371,355,409,299,428,274,446,264,451,260,448,266,442,273,381,309,385,295,373,307,373,307,369,315
364,371,375,379,357,353,348,384,339,371,355,409,300,428,274,445,264,450,260,448,266,442,273,381,309,385,295,373,308,373,309,369,317
364,371,375,379,357,353,348,384,339,371,355,409,300,428,274,445,264,450,260,448,266,442,273,381,309,384,295,373,307,373,308,368,316
364,371,375,379,357,353,348,384,339,371,355,409,300,428,274,445,264,450,260,448,267,441,273,381,309,384,295,373,308,373,309,368,318
364,371,375,379,357,353,348,384,339,371,355,409,300,428,274,445,264,450,260,447,267,441,273,381,309,384,294,372,305,372,306,368,315
364,371,375,379,357,353,348,384,339,371,355,409,300,428,274,445,264,450,260,447,267,441,273,381,309,384,294,372,306,372,306,368,315
364,371,375,379,357,353,348,384,339,371,355,409,299,428,274,445,264,450,260,447,267,441,273,381,309,384,294,371,304,371,305,367,312
364,371,375,379,357,353,348,384,340,371,355,409,299,428,274,445,264,449,260,446,266,440,273,381,309,384,294,372,305,372,306,368,316
364,371,375,379,357,353,348,384,340,371,355,409,299,428,274,445,264,449,259,447,266,440,273,381,309,384,294,372,305,372,306,368,315
364,371,375,379,357,353,348,384,340,371,355,409,299,428,274,445,264,449,259,446,266,439,273,381,309,383,294,373,305,373,305,369,314
364,371,375,379,357,353,348,384,339,371,355,409,299,428,274,445,264,449,259,446,266,439,272,381,309,383,294,373,305,373,305,368,313
364,371,375,379,357,353,348,384,340,371,355,409,299,428,274,445,264,449,259,446,266,439,272,381,309,383,294,373,305,373,305,368,314
364,371,375,379,357,353,348,384,340,371,355,409,299,428,274,445,264,449,259,446,266,440,272,381,309,383,295,374,307,374,307,369,316
364,371,375,379,357,353,348,384,340,371,355,409,299,428,274,445,264,449,259,446,266,439,272,381,309,383,296,374,309,374,309,369,320
364,371,375,379,357,353,348,384,340,371,355,409,299,428,274,445,264,449,259,446,266,439,272,381,309,383,296,374,309,374,309,369,317
364,371,375,379,357,353,348,384,340,371,355,409,299,428,274,445,264,449,259,446,266,440,272,381,309,383,295,374,308,374,308,369,315
364,371,375,379,357,353,349,384,340,371,355,409,299,428,274,445,264,449,259,446,266,440,273,381,309,383,296,374,308,374,308,370,315
364,371,375,379,358,353,349,384,340,371,355,409,299,428,274,445,264,449,259,446,266,440,273,381,309,383,296,374,307,374,308,369,315
364,371,375,379,358,353,349,384,340,371,355,409,299,428,274,444,264,448,259,446,267,439,273,381,309,383,295,374,307,374,307,370,315
364,371,375,379,358,353,349,384,340,371,355,409,299,428,274,443,264,446,259,444,267,436,273,381,309,383,296,374,307,374,307,370,315
364,371,375,379,358,353,349,384,340,371,355,409,299,427,274,442,264,445,259,444,267,435,273,381,309,383,296,374,308,374,308,370,316
365,371,375,379,358,353,349,384,340,371,355,409,299,427,274,441,264,444,259,443,266,434,272,381,309,383,296,374,308,373,309,370,316
364,371,375,379,358,353,349,384,340,371,355,409,299,427,274,442,263,444,259,443,266,434,272,380,309,383,296,373,308,372,308,369,315
364,371,375,379,358,353,349,384,340,371,355,409,299,427,274,443,263,445,258,444,265,435,272,380,309,382,295,372,308,372,308,367,317
364,371,375,379,358,353,349,384,340,371,355,409,299,427,274,443,263,445,258,444,265,435,272,380,309,382,295,373,308,373,308,367,318
364,371,375,379,357,353,349,384,340,371,355,409,299,427,274,444,263,446,258,444,265,435,272,380,309,382,295,373,308,373,308,367,318
364,371,375,379,357,353,349,384,340,371,355,409,299,427,274,444,263,446,258,444,266,435,272,380,309,383,296,373,309,373,309,367,321
364,370,374,379,357,352,348,384,340,371,355,409,299,427,274,444,263,446,259,445,267,435,272,380,309,383,296,373,309,373,310,367,322
363,370,374,379,357,352,348,384,339,371,354,409,299,427,274,445,264,446,259,445,268,435,272,380,309,383,296,373,310,373,310,367,322
363,370,374,378,357,352,348,383,339,371,354,409,299,427,273,445,263,446,259,445,267,436,272,380,309,383,296,373,310,373,310,367,322
363,370,374,378,357,352,348,383,339,371,354,409,299,427,273,444,263,446,259,445,267,435,272,380,309,383,296,373,310,373,310,367,321
363,370,374,378,356,352,348,383,339,370,354,409,299,427,273,444,263,446,259,444,267,435,272,380,309,383,296,373,310,373,310,367,321
363,370,374,378,356,352,348,383,339,370,354,409,299,427,273,443,263,446,259,444,267,435,273,380,309,383,296,373,309,373,310,368,321
363,369,374,378,356,352,347,383,339,370,354,409,299,427,273,443,263,445,259,443,267,434,272,380,309,383,296,372,310,372,310,367,321
363,369,374,378,356,351,347,383,339,370,353,409,299,427,273,443,263,445,258,443,266,434,272,380,309,382,296,372,310,372,310,367,319
362,369,374,378,356,351,347,383,339,370,353,409,299,427,273,443,263,445,258,443,266,434,272,380,309,382,296,372,310,371,310,367,319
362,369,374,378,356,351,347,383,339,370,353,409,299,427,273,442,263,444,258,443,266,434,272,380,309,382,296,372,310,371,310,367,319
362,369,374,378,356,351,347,383,339,370,353,409,299,426,273,442,263,444,258,441,266,434,272,380,309,382,296,372,310,371,310,367,320
362,369,374,378,356,351,347,383,339,370,353,409,299,426,273,442,263,444,258,439,266,434,272,380,309,383,296,373,310,372,311,368,320
362,369,374,378,356,351,347,383,339,370,353,409,299,426,273,442,263,445,258,441,266,435,272,380,309,384,296,374,310,373,311,368,319
362,369,374,378,356,351,347,383,339,370,353,409,299,426,273,442,263,445,258,442,266,435,272,380,309,384,296,373,310,373,311,367,319
362,369,374,378,356,351,347,383,339,370,353,409,299,427,273,442,263,445,258,442,265,435,271,380,309,383,296,373,310,373,311,367,321
362,369,374,378,356,351,347,383,339,370,353,409,299,427,273,442,263,445,258,442,265,435,271,380,309,383,295,371,309,372,310,363,321
362,369,374,378,356,351,347,383,339,370,353,409,299,427,273,442,262,445,258,443,265,435,271,380,309,383,295,371,309,371,309,363,321
362,369,374,378,356,351,347,383,339,370,353,409,299,427,274,442,262,445,258,443,265,435,271,380,309,383,295,371,309,371,309,363,321
362,369,374,378,356,351,347,383,339,370,353,409,299,427,274,443,262,447,258,444,265,437,271,380,309,383,295,371,309,371,309,363,320
362,369,374,378,356,351,347,383,339,370,353,409,299,427,274,443,262,447,258,444,264,437,271,380,309,383,295,371,309,371,309,363,320
362,369,374,378,356,351,347,383,339,370,353,409,299,427,274,443,263,447,258,444,265,437,271,380,309,383,295,371,309,371,309,364,320
362,369,374,378,356,351,347,383,339,370,353,409,299,428,274,443,263,447,258,444,265,437,271,380,309,383,295,371,309,371,309,364,320
362,369,374,378,356,351,347,383,339,370,353,409,299,428,274,443,263,447,258,444,264,437,271,380,309,382,294,371,309,371,309,364,320
362,369,374,378,356,351,347,383,339,370,353,409,299,428,274,443,263,447,258,444,264,437,271,380,309,382,295,370,308,370,308,364,320
362,369,374,378,356,351,347,383,339,370,353,409,299,428,274,443,263,447,258,444,264,437,271,380,309,382,295,370,309,370,309,364,320
362,369,374,378,356,351,347,383,339,370,353,409,299,428,274,443,263,447,258,444,265,437,271,380,309,383,295,371,309,371,309,366,320
362,369,374,378,356,351,347,383,339,370,353,409,299,428,274,443,263,447,258,445,265,438,271,380,309,383,295,371,309,371,309,366,321
362,369,374,378,356,351,347,383,339,370,353,409,299,428,274,444,263,448,258,445,264,438,271,380,309,383,295,370,307,370,307,365,319
362,369,374,378,356,351,347,383,339,370,353,409,299,428,274,444,263,448,258,445,265,438,271,380,309,383,295,370,307,370,306,365,319
362,369,374,378,356,351,347,383,339,370,353,409,299,428,274,444,263,448,258,445,266,438,271,380,309,382,295,371,307,370,306,366,319
362,369,374,378,356,351,347,383,339,370,353,409,299,428,274,444,263,447,258,444,266,437,271,380,309,382,295,372,307,371,306,366,319
362,369,374,378,356,351,347,383,339,370,353,409,299,428,274,444,263,447,258,444,266,437,271,380,309,383,295,372,307,371,307,367,318
362,369,374,378,356,351,347,383,339,370,353,409,299,428,274,444,263,447,259,444,267,437,272,380,309,383,296,372,308,372,307,367,320
362,369,374,378,356,351,347,383,339,370,353,409,299,428,274,443,264,446,259,444,268,436,272,380,309,383,297,372,309,372,309,366,322
362,369,374,378,356,351,347,383,339,370,353,409,299,428,274,444,264,446,259,444,268,437,272,380,309,384,297,373,309,372,309,367,322
362,369,374,378,356,351,347,383,339,370,353,409,299,428,274,444,264,447,259,444,268,438,272,380,309,384,297,373,310,372,309,367,323
362,369,374,378,356,351,347,383,339,370,353,409,299,428,274,444,264,446,259,444,268,437,272,380,309,384,297,373,311,372,310,367,323
362,369,374,378,356,351,347,383,339,370,353,409,299,428,274,444,263,446,259,444,267,437,272,380,309,384,297,373,311,372,310,366,324
362,369,374,378,356,351,347,383,339,370,353,409,299,428,274,444,263,447,259,445,267,438,272,380,309,384,297,372,309,372,308,366,323
362,369,374,378,356,351,347,383,339,370,353,409,299,428,274,443,263,447,259,444,267,438,272,380,309,384,297,372,309,372,308,366,322
362,369,374,378,356,351,347,383,339,370,353,409,299,428,274,444,263,447,259,445,267,438,272,380,309,385,297,373,310,373,310,367,323
362,369,374,378,356,351,347,383,339,370,353,409,299,428,274,443,263,447,259,444,267,438,272,380,308,384,297,373,310,373,309,366,321
362,369,374,378,356,351,347,383,339,370,353,409,299,428,274,443,263,447,259,444,267,438,272,380,308,384,296,373,310,373,309,367,319
362,369,374,378,356,351,347,383,339,370,353,409,299,428,274,443,263,447,259,444,268,438,272,380,309,386,296,374,310,374,309,368,319
363,369,374,378,356,351,347,383,339,370,353,409,299,428,274,444,263,447,259,445,268,439,272,380,309,386,297,374,310,374,309,368,320
363,369,374,378,356,351,347,383,339,370,353,409,299,428,274,444,263,448,259,445,268,439,272,380,308,386,296,374,308,374,307,368,318
363,369,374,378,356,351,347,383,339,370,353,409,299,428,274,444,263,447,259,445,268,439,272,380,308,386,296,374,308,374,307,368,318
363,369,374,378,356,352,347,383,339,370,354,409,299,428,274,444,263,446,259,444,268,437,272,380,308,385,296,374,310,374,309,368,321
363,369,374,378,356,352,347,383,339,370,354,409,299,428,274,444,263,446,259,444,268,437,272,380,308,385,296,373,310,373,309,366,321
363,369,374,378,356,352,347,383,339,370,354,409,299,428,274,444,263,446,259,444,268,437,272,380,308,387,297,375,310,375,309,370,320
363,369,374,378,356,352,347,383,339,370,354,409,299,428,274,443,264,445,260,444,268,436,273,380,309,387,297,375,310,375,310,370,320
363,369,374,378,356,352,347,384,339,370,354,409,299,428,274,443,264,446,260,444,268,437,273,380,309,387,297,375,310,375,309,370,320
363,369,374,378,356,352,347,384,339,370,354,409,299,428,274,443,264,446,260,444,268,437,273,380,308,387,297,375,309,375,309,370,319
363,369,374,378,356,352,347,384,339,370,354,409,299,428,274,443,264,446,260,444,269,437,273,380,308,387,297,375,309,375,309,371,318
363,369,374,378,356,352,348,384,339,370,354,409,299,428,274,443,264,446,260,444,269,438,273,380,308,387,297,375,310,375,310,371,320
363,369,374,378,356,352,348,384,339,370,354,409,299,428,274,443,264,446,261,444,269,437,274,380,308,387,297,376,310,376,310,371,320
363,369,374,378,356,352,348,384,339,370,354,409,299,428,274,443,265,447,261,444,270,438,275,380,308,387,297,376,309,376,309,372,319
363,369,374,378,356,352,348,384,339,370,354,409,298,428,274,443,265,447,261,444,270,438,275,380,308,386,297,375,309,375,309,371,320
363,369,374,378,356,352,348,384,339,370,354,409,298,428,274,443,265,447,261,444,270,438,275,380,309,387,298,376,310,375,310,371,322
363,369,374,378,356,352,348,384,339,370,354,409,298,428,274,443,265,446,261,444,270,438,275,380,309,386,298,376,310,375,310,371,322
363,369,374,378,356,352,348,384,339,370,354,409,298,428,274,444,265,447,261,445,270,439,275,380,309,386,298,376,310,376,310,371,321
363,369,374,378,356,352,348,384,339,370,354,409,298,428,274,444,265,447,261,445,270,439,274,380,309,385,297,375,310,374,310,369,321
363,369,374,378,356,352,348,384,339,370,354,409,298,428,274,444,265,447,261,445,270,439,274,380,309,386,298,376,311,375,310,370,324
363,369,374,378,356,352,347,384,339,370,354,409,298,428,274,444,265,447,261,445,270,439,274,380,309,386,297,376,311,375,310,370,324
363,369,374,378,356,352,347,384,339,370,354,409,298,428,274,444,265,448,261,445,270,439,274,380,309,386,298,377,311,376,310,373,322
363,369,374,378,356,352,347,383,339,370,354,409,298,428,274,444,265,448,261,446,270,440,275,380,309,386,297,377,309,376,309,373,320
362,369,374,378,356,351,347,383,339,370,353,409,298,428,274,444,265,448,261,446,270,440,275,380,309,386,297,377,309,377,309,373,322
362,369,374,378,356,351,347,383,339,370,353,409,298,428,274,443,265,448,261,445,270,440,275,380,309,387,297,378,310,377,309,373,322
362,369,374,378,356,351,347,383,339,370,353,409,298,428,274,444,265,448,261,445,270,440,275,380,309,387,298,378,310,378,310,373,323
362,369,374,378,356,351,347,383,339,370,353,409,298,428,274,444,265,448,261,445,270,440,274,380,309,385,298,377,310,377,309,371,323
362,369,374,378,356,351,347,383,339,370,353,409,298,428,274,444,265,447,261,445,270,439,274,380,309,386,298,378,313,378,312,372,326
362,369,374,378,356,351,347,383,339,370,353,409,298,428,274,444,265,447,261,445,270,439,275,380,309,386,298,377,313,377,312,371,325
362,369,374,378,356,351,347,383,339,370,353,409,298,428,274,444,265,447,261,446,270,440,275,380,309,386,298,378,313,377,312,372,324
362,369,374,378,356,351,347,383,339,370,353,409,298,428,274,444,265,447,261,446,270,440,275,380,309,386,298,378,313,378,312,373,324
362,369,374,378,355,351,347,383,339,370,353,409,298,428,274,444,265,447,261,446,270,440,275,380,309,386,298,379,313,379,312,373,324
362,369,374,378,355,351,347,383,339,370,353,409,298,428,274,444,265,448,261,446,270,440,274,380,309,386,298,379,313,379,312,373,324
362,369,374,378,355,351,347,383,339,370,353,409,298,428,274,444,265,448,261,446,270,440,274,380,309,386,298,378,313,378,312,373,325
362,369,374,378,355,351,347,383,339,370,353,409,298,428,274,444,265,448,261,446,270,440,274,380,308,386,298,378,312,378,311,373,324
362,369,374,378,356,351,347,383,339,370,353,409,298,428,274,444,265,448,261,446,270,440,274,380,309,386,298,377,311,376,310,372,323
362,369,374,378,356,351,347,383,339,370,353,409,298,428,274,444,265,448,261,446,270,440,274,380,309,386,298,377,311,376,310,372,323
362,369,374,378,356,351,347,383,339,370,353,409,298,428,274,444,265,447,261,445,270,440,274,380,309,386,298,377,311,376,310,372,323
362,369,374,378,356,351,347,383,339,370,353,409,298,428,274,444,265,447,261,445,270,440,274,380,309,387,298,377,311,377,311,372,323
362,369,374,378,356,351,347,383,339,370,353,409,298,428,274,444,265,447,261,445,270,440,274,380,309,388,298,377,311,377,311,372,323
362,369,374,378,356,351,347,383,339,370,353,409,298,428,274,444,265,447,261,445,270,440,274,380,309,388,298,378,312,377,311,373,324
362,369,374,378,356,351,347,383,339,370,353,409,298,428,274,444,265,447,261,445,270,440,274,380,308,388,297,377,312,377,311,372,323
362,369,374,378,356,351,347,383,339,370,353,409,298,428,274,444,265,447,261,445,270,439,274,380,308,388,298,377,311,377,311,372,322
362,369,374,378,356,351,347,383,339,370,353,409,298,428,274,444,264,447,260,445,269,439,274,380,308,388,297,377,310,377,310,372,319
362,369,374,378,356,351,347,383,339,370,353,409,298,428,274,444,264,447,260,445,269,439,273,380,308,387,297,377,310,377,310,372,321
362,369,374,378,356,351,347,383,339,370,353,409,298,428,274,444,264,447,260,445,269,439,273,380,308,387,297,376,309,376,309,372,318
362,369,374,378,356,351,347,383,339,370,353,409,298,428,274,443,264,446,260,445,269,438,274,380,308,387,297,376,309,376,309,372,319
362,369,374,378,356,351,347,383,339,370,353,409,298,428,274,443,264,446,260,445,269,438,273,380,308,388,297,376,308,376,308,372,319
363,369,374,378,356,351,347,383,339,370,354,409,298,428,274,444,264,446,261,445,269,438,274,380,308,387,297,376,308,376,308,372,319
363,369,374,378,356,351,347,383,339,370,354,409,298,428,274,443,264,447,261,445,269,438,274,380,308,387,297,376,308,376,308,372,319
363,369,374,378,356,351,347,383,339,370,354,409,298,428,274,444,265,447,261,446,270,439,274,380,308,388,297,377,309,376,308,372,320
363,369,374,378,356,351,347,383,339,370,354,409,298,428,274,444,265,447,261,446,270,439,274,380,308,388,298,377,309,377,308,373,320
363,369,374,378,356,351,347,383,339,370,354,409,298,428,274,444,265,447,261,446,270,439,274,380,308,388,298,377,310,377,310,372,323
363,369,374,378,356,351,347,383,339,370,354,409,298,428,274,444,265,447,261,447,270,439,274,380,308,387,297,377,309,376,308,372,320
363,369,374,378,356,352,347,383,339,370,354,409,298,428,273,444,265,447,261,446,270,439,274,380,308,387,297,377,309,377,308,372,320
363,369,374,378,356,352,347,383,339,370,354,409,298,428,273,444,265,447,261,446,270,439,274,380,308,387,298,377,310,377,310,372,321
363,369,374,378,356,352,347,383,339,370,354,409,298,428,273,444,265,447,261,446,270,439,274,380,308,387,298,377,309,377,309,372,320
363,369,374,378,356,352,347,383,339,370,354,409,298,428,273,444,266,447,262,446,270,439,274,380,308,387,298,377,309,377,309,372,320
363,369,374,378,356,352,347,383,339,370,354,409,298,428,273,443,266,447,262,446,270,439,274,380,308,388,298,377,309,377,309,373,320
363,369,374,378,356,352,348,383,339,370,354,409,298,428,274,443,266,447,262,446,270,439,274,381,308,387,298,377,310,377,309,373,321
363,369,374,378,356,352,348,383,339,370,354,409,298,428,273,443,266,447,262,446,270,439,274,381,308,388,298,377,308,377,308,373,319
363,369,374,378,356,352,347,383,339,370,354,409,298,428,273,443,266,447,262,446,270,439,274,381,308,388,298,377,309,377,309,373,320
363,369,374,378,356,351,347,383,339,370,354,409,298,428,273,444,266,447,262,446,270,439,274,380,308,388,298,377,310,377,309,373,321
363,369,374,378,356,351,347,383,339,370,354,409,298,428,273,444,266,447,262,446,270,439,274,380,308,388,298,377,309,377,308,373,319
363,369,374,378,356,351,347,383,339,370,354,409,298,428,274,443,266,447,262,446,270,439,274,380,308,388,298,377,309,377,308,373,319
363,369,374,378,356,351,347,383,339,370,354,409,298,428,274,443,266,447,262,445,270,439,274,381,308,388,298,377,309,377,309,373,320
363,369,374,378,356,351,347,383,339,370,354,409,298,428,273,443,266,447,262,445,270,439,274,381,309,388,298,378,309,378,309,373,320
363,369,374,378,356,351,347,383,339,370,354,409,298,428,273,443,266,447,262,445,270,439,274,380,308,388,298,378,309,378,308,373,320
363,369,374,378,356,351,347,383,339,370,354,409,298,428,273,443,266,447,262,445,270,439,274,381,309,388,298,378,310,378,309,373,322
363,369,374,378,356,351,347,383,339,370,354,409,298,428,273,443,266,447,262,445,270,439,274,380,309,388,298,377,310,377,309,373,321
363,369,374,378,356,351,347,383,339,370,354,409,298,428,273,443,266,447,262,445,270,439,274,380,309,388,298,377,310,377,309,372,322
363,369,374,378,356,351,347,383,339,370,354,409,298,428,273,443,266,447,262,445,270,439,274,380,309,388,298,377,310,377,309,372,322
363,369,374,378,356,351,347,383,339,370,354,409,298,428,273,443,266,447,262,445,270,439,274,380,309,388,298,377,310,377,309,372,321
362,369,374,378,356,351,347,383,339,370,353,409,298,428,273,443,266,447,262,445,270,439,275,380,309,388,298,377,310,377,309,373,321
362,369,374,378,356,351,347,383,339,370,353,409,298,428,273,443,266,447,262,445,270,439,275,380,308,387,298,376,310,376,309,371,321
362,369,374,378,356,351,347,383,339,370,353,409,298,428,273,443,266,447,262,445,270,439,275,380,308,388,298,376,310,376,309,372,322
363,369,374,378,356,352,347,383,339,370,354,409,298,428,273,443,266,447,262,445,270,439,275,380,308,388,298,377,310,376,309,372,322
363,369,374,378,356,352,348,383,339,370,354,409,298,428,273,443,266,447,262,445,270,438,275,380,308,388,298,377,309,376,309,372,320
363,369,374,378,356,352,348,383,339,370,354,409,298,428,273,443,266,447,262,445,270,439,275,380,308,388,298,377,308,376,308,372,318
363,369,374,378,356,352,348,383,339,370,354,409,298,428,273,443,266,447,262,445,270,439,275,380,308,388,298,377,309,376,308,372,319
363,369,374,378,356,352,348,383,339,370,354,409,298,428,273,444,266,447,262,445,270,439,274,380,308,388,298,376,309,376,308,371,319
363,369,374,378,356,352,348,383,339,370,354,409,298,428,273,444,266,447,262,445,270,439,274,380,309,388,298,377,309,377,308,372,320
363,370,374,378,356,352,348,383,339,370,354,409,298,428,273,443,266,447,262,445,270,439,274,380,309,388,298,376,309,376,308,372,320
363,370,374,378,356,352,348,383,339,370,354,409,298,428,273,444,266,447,262,445,270,439,274,380,308,389,298,376,308,376,308,372,319
363,370,374,378,356,352,348,383,339,370,354,409,298,428,274,444,266,448,262,446,270,439,274,380,308,389,298,376,308,376,308,372,318
363,370,374,378,356,352,348,383,339,370,354,409,298,428,274,444,266,448,262,446,270,439,274,380,308,389,298,376,308,376,308,372,318
363,370,374,378,356,352,348,384,339,370,354,409,298,428,274,444,266,447,262,445,270,439,274,380,309,389,297,376,308,375,308,372,318
363,370,374,378,356,352,348,384,339,370,354,409,298,428,274,444,266,447,262,445,270,439,274,380,309,388,297,375,309,375,309,371,318
363,370,374,378,356,352,348,384,339,370,354,409,298,428,274,444,266,446,263,445,270,439,275,380,309,389,297,375,309,375,309,371,319
363,370,374,378,356,352,348,384,339,370,354,409,298,428,274,444,266,446,263,445,270,439,275,381,309,389,297,375,309,375,309,371,318
363,370,374,378,356,352,348,384,339,370,354,409,298,428,274,444,266,447,263,445,270,439,275,381,309,389,297,376,309,375,309,372,318
363,370,374,378,356,352,348,384,339,370,354,409,298,428,274,444,266,447,263,445,270,439,275,381,309,390,297,375,308,375,309,371,318
363,370,374,378,356,352,348,384,339,370,354,409,298,428,274,443,266,446,263,445,270,438,275,381,309,391,297,376,308,376,309,373,317
363,370,374,378,356,352,348,384,339,370,354,409,298,428,274,443,266,446,263,445,270,438,275,381,309,391,297,376,308,376,309,372,317
363,370,374,378,356,352,348,384,339,370,354,410,298,428,274,444,266,446,263,445,270,438,275,381,309,391,296,376,308,376,308,372,316
363,370,374,378,356,352,348,384,339,370,354,410,298,428,274,443,266,446,263,445,270,438,275,381,309,390,296,376,308,376,308,372,316
363,370,374,378,356,352,348,384,339,370,354,410,298,428,274,443,266,446,264,444,271,437,275,381,309,390,295,376,308,376,308,372,316
363,370,374,378,356,352,348,384,339,371,354,410,298,428,274,443,266,445,263,444,271,437,275,381,309,390,296,376,308,375,309,372,317
363,370,374,378,356,352,348,384,339,371,354,410,298,428,274,443,266,446,263,444,271,438,275,381,309,390,295,375,308,375,308,371,317
363,370,374,378,356,352,348,384,339,371,354,410,298,428,274,443,266,446,263,444,271,438,275,381,309,390,296,376,308,376,308,372,317
363,370,374,378,356,352,348,384,339,371,354,410,298,428,274,443,266,446,263,445,271,438,275,381,309,390,296,376,309,376,309,372,319
363,370,374,378,356,352,348,384,339,371,354,410,298,428,274,443,266,446,263,445,271,438,275,381,309,390,296,376,309,376,309,371,319
363,370,374,378,356,352,348,384,339,371,354,410,298,428,274,443,266,446,263,445,271,438,275,381,309,388,296,375,306,375,306,371,315
364,370,374,378,357,352,348,384,339,371,354,410,298,428,274,443,266,447,263,445,271,439,275,381,309,389,296,375,307,375,307,371,316
364,370,374,378,357,352,348,384,339,371,354,410,298,428,274,443,266,447,263,445,271,439,275,381,309,389,296,375,308,375,308,371,318
363,370,374,378,357,352,348,384,339,371,354,410,298,428,274,443,265,446,262,445,270,438,274,381,309,390,296,376,308,376,308,373,318
363,370,374,378,357,352,348,384,339,371,354,410,298,428,274,443,265,446,262,445,270,438,274,381,309,390,296,376,308,376,308,373,318
364,370,374,378,357,352,348,384,339,371,354,410,298,428,274,443,265,446,261,445,270,438,274,381,309,391,296,376,309,376,309,373,320
363,370,374,378,357,352,348,384,339,371,354,410,298,428,274,443,265,446,261,445,269,438,274,381,309,391,296,376,309,376,309,372,320
364,370,374,378,357,352,348,384,339,371,354,410,298,428,274,443,265,446,261,445,269,438,274,381,309,391,296,376,309,376,309,372,320
364,370,374,378,357,352,348,384,339,371,354,410,298,428,274,443,265,446,261,445,269,438,274,381,309,391,295,376,308,376,308,372,318
364,370,374,378,357,352,348,384,339,371,354,410,298,428,274,443,265,446,261,445,269,438,274,381,309,391,295,376,308,376,308,372,318
364,370,374,378,357,352,348,384,339,371,354,410,298,428,274,443,265,446,261,445,270,438,274,381,309,391,296,377,311,377,311,373,322
364,370,374,378,357,352,348,384,339,371,354,410,298,428,274,443,265,446,262,444,270,438,274,381,309,391,296,377,311,377,311,373,322
364,370,374,378,357,352,348,384,339,371,354,410,298,428,274,443,265,446,262,444,270,438,274,381,309,391,295,377,311,377,311,373,322
364,370,374,378,357,352,348,384,339,371,354,410,298,428,274,443,265,446,262,444,270,438,274,381,309,391,295,377,311,377,311,372,322
364,370,374,378,357,352,348,384,339,371,354,410,298,428,274,443,266,446,262,445,270,438,274,381,309,389,295,375,307,376,307,370,319
364,370,375,379,357,352,348,384,339,371,354,410,298,428,274,443,266,446,262,444,270,438,274,381,309,389,295,375,307,376,307,370,319
364,370,375,379,357,352,348,384,339,371,354,410,298,428,274,443,266,446,262,445,270,438,274,381,309,389,295,375,309,376,308,370,321
364,370,375,379,357,352,348,384,339,371,354,410,298,428,274,443,266,445,262,444,270,438,274,381,309,389,294,375,309,376,308,370,320
364,370,375,379,357,352,348,384,339,371,355,410,298,428,274,443,266,445,262,444,270,438,274,381,309,388,294,375,309,375,308,370,319
364,370,375,379,357,352,348,384,339,371,355,410,298,428,274,443,266,445,262,444,270,438,274,381,309,389,294,376,309,376,309,372,319
364,370,375,379,357,352,348,384,339,371,355,410,299,428,274,443,266,446,262,445,270,438,274,380,309,388,294,375,307,375,307,370,316
364,370,375,379,357,352,348,384,339,371,355,410,299,428,274,443,266,446,262,445,270,438,274,381,309,389,294,375,307,375,307,370,316
364,370,375,379,357,352,348,384,339,371,355,410,299,427,274,442,266,445,262,444,270,437,274,381,309,389,294,375,307,376,307,370,317
364,370,375,379,357,352,348,384,339,371,355,410,299,427,274,442,265,445,262,444,270,437,274,381,309,390,294,375,308,376,307,370,319
364,370,375,379,357,352,348,384,339,371,355,410,299,427,274,442,265,445,262,444,270,437,274,381,309,389,293,375,307,376,307,370,318
364,370,375,379,357,352,348,384,339,371,355,410,299,427,274,442,265,445,261,444,270,438,274,381,309,389,293,375,307,376,307,370,318
364,370,375,379,357,352,348,384,339,371,355,410,299,427,274,443,265,445,261,444,270,438,274,381,309,388,293,374,307,375,307,368,318
364,370,375,379,357,352,348,384,340,371,355,410,299,427,274,443,265,445,261,444,270,438,274,381,309,389,293,375,307,376,307,369,319
364,370,375,379,357,352,348,384,340,371,355,410,299,427,274,442,265,445,261,444,270,438,274,381,309,388,293,375,307,376,306,369,318
364,370,375,379,357,352,348,384,340,371,355,410,299,427,274,442,265,444,261,444,270,437,274,381,309,388,293,374,307,375,306,369,317
364,370,375,379,357,352,348,384,340,371,355,410,299,427,274,442,265,445,261,444,269,437,274,381,309,387,293,374,306,375,306,368,317
364,370,375,379,357,352,348,384,340,371,355,410,299,427,274,443,265,446,261,445,269,438,274,381,309,388,294,375,306,375,306,369,317
364,370,375,379,357,352,348,384,340,371,355,410,299,427,274,443,265,446,261,445,270,438,274,381,309,387,294,373,305,373,304,367,315
364,370,375,379,357,352,348,384,340,371,355,410,299,427,274,443,265,446,261,445,269,438,274,381,309,388,294,373,306,374,306,368,316
364,370,375,379,357,353,348,384,340,371,355,410,299,427,274,443,265,445,261,444,270,438,274,381,309,388,295,373,308,374,307,368,320
364,370,375,379,357,353,348,384,340,371,355,410,299,427,274,443,265,445,261,444,270,437,274,381,309,387,295,373,308,374,307,368,320
364,370,375,379,357,352,348,384,340,371,355,410,299,427,274,443,265,445,261,444,270,437,274,381,309,388,295,374,307,374,307,370,317
364,370,375,379,357,352,348,384,340,371,355,410,299,427,274,443,265,445,261,444,270,437,274,381,309,388,294,374,307,374,307,369,318
364,370,375,379,357,353,348,384,340,371,355,410,299,427,274,443,265,446,261,444,270,438,274,381,309,388,295,374,308,375,308,369,320
364,370,375,379,357,353,348,384,340,371,355,410,299,427,274,443,265,446,261,445,269,439,274,381,309,389,294,375,305,375,305,371,313
364,370,375,379,357,353,348,384,340,371,355,410,299,427,274,443,265,446,261,444,269,438,274,381,309,389,294,375,305,375,305,371,313
364,370,375,379,357,353,348,384,340,371,355,410,299,427,274,443,265,446,261,445,269,439,273,380,309,389,292,375,302,375,302,370,311
364,370,375,379,357,353,348,384,340,371,355,410,299,427,274,443,265,447,261,445,269,439,273,380,309,389,293,375,302,375,302,371,311
364,370,375,379,357,353,348,384,340,371,355,410,299,427,274,443,265,446,261,445,269,438,273,380,309,388,293,375,303,375,303,370,313
364,370,375,379,357,353,348,384,340,371,355,410,299,427,274,443,265,446,261,446,269,439,273,380,309,388,293,375,302,375,302,370,311
364,370,375,379,357,353,348,384,340,371,355,410,299,427,274,443,265,446,261,446,269,439,273,380,309,388,293,375,301,375,302,371,309
364,370,375,379,357,353,348,384,340,371,355,410,299,427,274,443,265,446,261,446,269,439,273,380,309,389,293,374,302,375,302,369,312
364,370,375,379,357,353,349,384,340,371,355,410,299,427,274,443,265,446,261,445,269,439,273,380,309,388,294,374,306,375,305,369,320
364,370,375,379,357,353,349,384,340,371,355,410,299,428,274,443,265,446,261,445,269,439,273,380,309,388,294,374,307,375,306,369,320
364,370,375,379,357,353,349,384,340,371,355,410,299,428,274,443,264,447,261,446,269,439,273,380,309,388,295,375,308,375,307,369,321
364,370,375,379,357,353,349,384,340,371,355,410,299,428,274,444,264,447,260,446,269,439,273,380,309,388,295,375,308,375,307,369,320
364,370,375,379,357,353,349,384,340,371,355,410,299,428,274,444,264,447,260,446,269,439,273,381,309,388,295,375,308,375,307,369,320
364,370,375,379,357,353,349,384,340,371,355,410,299,428,274,443,265,447,261,446,269,439,273,381,309,388,295,374,308,375,307,368,320
364,370,375,379,357,353,349,384,340,371,355,410,299,428,274,443,265,447,261,445,269,439,273,381,309,389,295,375,307,375,306,369,320
364,370,375,379,357,353,349,384,340,371,355,410,299,428,274,443,265,447,261,445,269,439,273,381,309,388,294,375,306,375,305,369,318
364,370,375,379,357,353,349,384,340,371,355,410,299,428,274,443,265,447,261,445,269,439,273,381,309,388,295,375,307,375,306,369,321
364,371,375,379,357,353,349,384,340,371,355,410,299,428,274,443,265,447,261,445,269,439,273,381,309,388,295,375,308,375,307,369,320
364,371,375,379,357,353,349,384,340,371,355,410,299,428,274,443,265,447,261,445,269,439,273,381,309,388,295,375,307,376,306,369,320
364,370,375,379,357,353,349,384,340,371,355,410,299,428,274,443,265,447,261,445,269,439,273,381,309,388,295,375,308,376,307,369,321
364,371,375,379,357,353,349,384,340,371,355,410,299,428,274,443,265,447,261,446,269,439,273,381,309,389,295,376,305,376,305,371,315
364,371,375,379,357,353,349,384,340,371,355,410,299,428,274,443,265,447,261,446,269,439,273,381,309,389,295,376,306,376,306,371,317
364,371,375,379,357,353,349,384,340,371,355,410,299,428,274,443,265,447,261,445,269,439,273,381,309,389,295,376,306,376,306,371,317
364,371,375,379,357,353,349,384,340,371,355,410,299,428,274,443,265,447,261,445,269,439,273,381,309,389,296,376,307,377,307,371,320
364,371,375,379,357,353,349,384,340,371,355,410,299,428,274,443,265,447,261,445,269,439,273,381,309,387,296,375,308,376,307,370,321
364,371,375,379,357,353,349,384,340,371,355,410,299,428,274,443,265,447,261,445,269,439,274,381,309,387,296,375,308,376,307,370,321
364,371,375,379,357,353,349,384,340,371,355,410,299,428,274,443,265,447,261,445,269,439,274,381,309,387,295,375,307,376,306,368,320
364,371,375,379,357,353,349,384,340,371,355,410,299,428,274,443,265,447,261,445,269,439,274,381,309,387,295,375,307,376,306,368,319
364,371,375,379,357,353,349,384,340,371,355,410,299,428,274,443,265,447,261,445,269,439,273,381,309,388,296,375,307,376,306,369,319
364,371,375,379,357,353,349,384,340,371,355,410,299,428,274,444,264,447,261,445,269,439,273,381,309,388,295,375,305,376,304,369,315
364,371,375,379,358,353,349,384,340,371,355,410,299,428,274,443,264,447,261,445,269,439,273,381,309,388,295,375,307,376,306,369,318
364,371,375,379,358,353,349,384,340,371,355,410,299,428,274,443,264,447,261,445,269,439,273,381,309,388,295,375,306,376,306,369,318
364,371,375,379,358,353,349,384,340,371,355,410,299,428,275,443,265,447,261,445,269,439,273,381,309,388,295,375,307,376,306,369,319
364,371,375,379,358,353,349,384,340,371,355,410,299,428,274,444,265,447,261,445,269,439,273,381,309,388,295,375,308,376,307,369,320
364,371,375,379,358,353,349,384,340,371,355,410,299,428,275,443,265,446,261,444,269,438,273,381,309,386,295,374,308,375,307,368,321
364,371,375,379,358,353,349,384,340,371,355,410,299,428,275,443,265,444,261,443,269,436,273,381,309,386,296,374,308,375,308,368,321
364,371,375,379,358,353,349,384,340,371,355,410,299,428,274,442,265,443,261,442,269,435,273,381,309,386,296,374,308,375,307,368,320
364,371,375,379,358,353,349,385,340,371,355,410,299,428,275,442,265,443,262,442,270,435,274,381,309,387,295,374,308,375,307,368,320
364,371,375,379,358,353,349,385,340,371,355,410,299,428,275,442,265,443,262,442,270,435,274,381,309,387,296,374,308,375,308,368,320
364,371,375,379,358,353,349,385,340,371,355,410,299,428,275,442,265,443,262,442,270,435,274,381,309,387,296,374,309,374,308,367,321
364,371,375,379,358,353,349,385,340,371,355,410,299,428,275,442,265,444,262,442,270,436,274,381,309,387,296,374,309,374,308,367,321
364,371,375,379,358,353,349,385,340,371,355,410,299,428,275,441,265,443,262,440,270,434,274,381,309,387,295,374,307,374,307,367,320
364,371,375,379,358,353,349,385,340,371,355,410,299,428,275,441,265,443,262,440,270,434,274,381,309,387,295,373,308,374,307,367,321
365,371,375,379,358,353,349,385,340,372,355,410,299,428,275,440,265,442,262,440,270,433,274,381,309,387,296,374,310,374,309,367,325
365,371,375,379,358,353,349,385,340,372,355,410,299,428,275,440,267,442,265,440,271,433,276,381,309,387,296,374,311,374,310,367,324
364,371,375,379,358,353,349,385,340,372,355,410,299,427,275,440,267,442,265,438,272,433,276,381,309,387,296,374,311,374,310,367,325
365,371,375,379,358,353,349,385,340,372,355,410,299,427,275,439,267,441,265,437,272,432,276,381,309,387,296,374,311,374,310,367,325
365,371,375,379,358,353,349,385,340,372,355,410,299,427,275,439,267,441,265,437,272,432,276,381,309,387,296,373,311,373,310,367,325
365,371,375,379,358,353,349,385,340,372,355,410,299,427,275,440,267,441,266,438,272,432,277,381,309,387,296,374,311,374,310,367,325
365,371,375,379,358,353,349,385,340,372,355,410,299,427,275,440,267,442,265,439,272,433,276,381,309,387,296,374,311,374,310,367,325
365,371,375,379,358,353,349,385,340,372,356,411,299,428,275,440,267,442,265,439,272,433,276,381,309,388,297,374,312,375,311,367,325
365,371,375,379,358,353,349,385,340,372,356,410,299,428,275,441,267,442,265,440,272,433,276,381,309,388,297,374,312,375,311,367,325
365,371,375,380,358,353,349,385,340,372,356,410,299,428,275,440,267,442,265,440,272,433,276,381,310,388,297,374,312,375,311,367,325
365,371,375,380,358,353,349,385,340,372,356,410,299,428,275,440,267,442,265,440,272,433,276,381,310,389,297,374,310,375,309,367,323
365,371,375,380,358,353,349,385,340,372,356,411,299,428,275,440,267,442,265,440,272,433,276,381,310,388,297,374,311,374,310,367,324
365,371,375,380,358,353,349,385,340,372,356,411,299,428,275,440,267,442,264,440,272,433,276,381,310,388,296,374,310,374,309,367,322
365,371,376,380,358,353,349,385,340,372,356,411,299,428,275,441,267,442,264,441,272,434,276,381,310,389,297,374,310,375,309,367,322
365,371,376,380,358,353,349,385,340,372,356,411,299,428,275,440,267,442,264,441,272,434,276,381,310,389,296,374,309,375,308,367,321
365,371,376,380,358,354,349,385,340,372,356,411,299,428,275,440,267,442,264,441,272,434,276,381,310,389,296,374,310,375,309,367,321
365,371,376,380,358,354,349,385,340,372,356,411,299,428,275,441,267,442,264,441,272,434,276,381,310,389,296,374,309,375,309,368,321
365,371,376,380,358,354,349,385,340,372,356,411,299,428,275,441,267,444,264,441,272,435,276,381,310,390,296,374,310,375,309,368,322
365,371,376,380,358,354,349,385,340,372,356,411,299,428,275,441,267,443,264,441,272,435,276,381,310,389,296,374,310,375,309,368,322
365,371,376,380,358,354,349,385,340,372,356,411,299,428,275,441,267,443,264,442,272,435,276,381,310,389,296,374,310,375,309,368,321
365,371,376,380,358,354,349,385,340,372,356,410,299,428,275,441,267,443,264,442,272,435,276,381,310,389,296,374,308,375,307,367,319
365,371,376,380,358,354,349,385,340,372,356,410,299,428,275,441,267,443,264,442,271,435,276,381,310,388,296,374,308,375,307,367,319
365,371,376,380,358,354,349,385,340,372,356,410,299,428,275,442,267,444,264,442,271,437,275,381,309,388,296,374,308,376,306,367,319
365,371,376,380,358,354,349,385,340,372,356,410,299,428,275,442,267,445,264,443,271,437,275,381,309,389,295,374,308,375,306,367,319
365,371,376,380,358,354,349,385,340,372,356,410,299,428,275,442,267,445,264,443,271,438,275,381,309,389,295,374,308,375,306,367,319
365,371,376,380,358,354,349,385,340,372,356,410,299,428,275,442,266,445,263,443,271,438,275,381,309,388,295,374,307,375,306,367,318
365,371,376,380,358,354,349,385,340,372,356,410,299,428,275,443,266,446,263,443,271,438,275,381,309,387,294,374,306,375,305,367,317
365,371,376,380,358,354,349,385,340,372,356,410,299,428,275,443,266,446,263,443,271,438,275,381,309,387,294,374,307,376,306,367,319
365,371,376,380,358,354,349,385,340,372,356,410,299,428,275,443,266,445,263,443,271,438,275,381,309,387,294,374,307,376,306,367,319
365,371,376,380,358,354,349,385,340,372,356,410,299,428,275,442,266,445,263,443,271,437,275,381,309,387,294,374,307,376,306,367,319
365,371,376,380,358,354,349,385,340,372,356,410,299,428,275,443,266,445,263,443,271,437,275,381,309,386,294,374,307,375,306,367,318
365,371,376,380,358,354,349,385,340,372,356,410,299,428,275,442,266,445,263,443,271,437,275,381,309,387,295,375,308,376,308,368,320
365,371,376,380,358,354,349,385,340,372,356,410,299,428,275,442,266,445,263,443,271,438,275,381,309,387,295,375,311,376,310,368,324
365,371,376,380,358,354,349,385,340,372,356,410,299,428,275,443,266,445,263,443,270,438,275,381,309,387,295,375,310,376,309,368,323
365,371,376,380,358,353,349,385,340,372,356,410,299,428,275,443,266,446,264,444,271,438,276,381,309,387,295,375,309,376,309,368,321
365,371,375,380,358,353,349,385,340,372,356,410,299,428,275,443,266,446,264,444,272,438,276,381,309,387,295,375,309,376,309,368,321
365,371,375,380,358,353,349,385,340,372,356,410,299,428,275,443,266,446,264,444,272,438,276,381,309,386,295,374,309,375,308,367,321
365,371,375,380,358,353,349,385,340,372,356,410,299,428,275,443,267,446,265,444,272,438,276,381,309,386,295,374,309,375,308,368,321
365,371,375,380,358,353,349,385,340,372,356,410,299,428,275,443,267,445,265,444,272,438,276,381,309,386,295,374,309,375,308,368,321
365,371,375,379,358,353,349,385,340,372,356,410,299,428,275,443,267,446,265,444,272,438,276,381,309,387,295,375,308,376,308,369,318
365,371,375,379,358,353,349,385,340,372,356,410,299,428,275,443,266,444,263,443,271,437,276,381,309,387,294,375,307,376,307,369,318
365,371,375,379,358,353,349,385,340,372,356,410,299,428,275,443,266,445,263,444,271,438,276,381,309,387,293,375,305,375,305,369,315
365,371,375,379,358,353,349,385,340,372,356,410,299,428,275,443,266,446,263,444,271,438,276,381,309,387,294,375,308,376,307,369,319
365,371,375,379,358,353,349,385,340,372,356,410,299,428,275,443,266,446,263,444,271,438,275,381,309,387,294,375,307,376,307,369,318
365,371,375,379,358,353,349,385,340,372,356,410,299,428,275,443,266,446,262,444,270,439,275,381,309,387,294,375,307,376,307,369,318
365,371,375,379,358,353,349,385,340,372,356,410,299,428,275,443,266,446,262,444,270,438,275,381,309,388,294,375,308,376,308,369,319
365,371,375,379,358,353,349,385,340,372,356,410,299,428,274,443,265,445,262,444,270,438,274,381,309,388,294,375,307,376,307,369,318
365,371,375,379,358,353,349,385,340,372,356,410,299,428,274,442,265,444,262,443,270,437,274,381,309,388,294,375,308,376,307,369,319
365,371,375,379,358,353,349,385,340,372,356,410,299,428,274,443,265,445,262,443,270,437,274,381,309,387,294,373,307,374,306,367,318
365,371,375,379,358,353,349,385,340,372,356,410,299,428,274,442,265,444,262,443,270,436,274,381,308,386,294,373,306,374,305,367,318
365,371,375,379,358,353,349,385,340,372,356,410,299,428,274,443,265,445,261,443,269,437,274,381,308,387,294,373,306,374,305,367,318
365,371,375,379,358,353,349,385,340,372,356,410,298,428,274,443,264,445,261,443,269,437,273,380,308,386,294,372,305,373,304,366,317
365,371,375,379,358,353,349,385,340,372,355,410,298,428,274,442,264,444,260,443,268,436,272,380,308,386,295,372,307,373,305,366,319
